id,category,method,repeat,status,seconds,input_tokens,output_tokens,model_calls,evidence_tokens,load_seconds,score_status,judge_error,evidence_recall,citation_validity,citation_support,correctness,abstention_accuracy,numeric,faithfulness,relevance,ragas_error
followup-03,followup,agentic,0,complete,16.360179374925792,4976,58,3,2154,0.015776250999999998,complete,,1.0,1,1,1,1,,1.0,0.0,
followup-03,followup,okf,0,complete,31.714398582931608,7687,205,3,1444,0.0055146660000000005,complete,,0.0,1,1,1,1,,0.2857142857142857,0.7702645995480897,
conceptual-02,conceptual,rag,0,complete,12.344960999907926,2619,165,1,2271,0.002103375,complete,,0.0,1,1,1,1,,1.0,0.837064935304218,
unanswerable-04,unanswerable,okf,0,complete,15.740428125020117,5430,24,2,0,0.0058995,complete,,,1,0,0,1,,,,
code_formula-02,code_formula,no_retrieval,0,complete,1.2796137919649482,223,18,1,0,0.001915667,complete,,0.0,1,1,1,0,,,,
followup-01,followup,no_retrieval,0,complete,0.6964725002180785,269,15,1,0,0.001908792,complete,,0.0,1,0,0,1,,,,
factual-03,factual,no_retrieval,0,complete,0.6505396249704063,224,18,1,0,0.001263958,complete,,0.0,1,1,1,0,,,,
unanswerable-02,unanswerable,agentic,0,complete,12.110588957788423,4060,52,4,0,0.005994624,complete,,,1,0,0,1,,,,
code_formula-01,code_formula,okf,0,complete,24.935447125229985,8236,74,3,1853,0.010150499,complete,,0.0,1,0,0,0,0,,,
conceptual-03,conceptual,no_retrieval,0,complete,0.8425837501417845,229,18,1,0,0.00268975,complete,,0.0,1,1,1,0,,,,
factual-01,factual,rag,0,complete,8.192868374986574,2504,37,1,2160,0.002272916,complete,,1.0,1,0,0,1,,1.0,0.5706579648568497,
conceptual-04,conceptual,rag,0,complete,14.738409291952848,2737,70,1,2385,0.001096083,complete,,1.0,1,1,1,1,,0.75,0.7612488026368088,
followup-01,followup,okf,0,complete,24.924922457896173,8195,71,3,1764,0.010186833999999999,complete,,0.0,1,1,1,0,,,,
followup-01,followup,gold_evidence,0,complete,1.4385924579109997,1198,18,1,830,0.004082416,complete,,1.0,1,0,0,0,,,,
factual-04,factual,rag,0,complete,2.2027190420776606,1915,24,1,1566,0.00222175,complete,,0.0,1,1,1,1,,1.0,0.0,
factual-04,factual,no_retrieval,0,complete,0.7118227081373334,225,18,1,0,0.001278417,complete,,0.0,1,0,0,0,,,,
followup-03,followup,rag,0,complete,7.66665962501429,2488,26,1,2097,0.001862417,complete,,1.0,1,1,1,1,,0.5,0.0,
factual-04,factual,agentic,0,complete,6.861396332969889,3718,55,3,1566,0.004272458,complete,,0.0,1,1,1,1,,1.0,0.0,
synthesis-03,synthesis,okf,0,complete,32.15078216721304,7622,139,3,1444,0.007424999,complete,,1.0,1,1,1,1,,0.25,0.9189795021540659,
code_formula-02,code_formula,gold_evidence,0,complete,3.1972296671010554,828,36,1,513,0.008068375,complete,,1.0,1,1,1,1,,1.0,0.611103769935657,
conceptual-04,conceptual,no_retrieval,0,complete,0.7500996249727905,227,18,1,0,0.002986625,complete,,0.0,1,0,1,0,,,,
followup-01,followup,rag,0,complete,8.078064583009109,2524,24,1,2132,0.00113925,complete,,0.0,1,1,1,1,,0.0,0.0,
conceptual-04,conceptual,okf,0,complete,29.59866650006734,8312,120,3,2101,0.00634,complete,,0.0,1,1,1,1,,0.0,0.8298271099048442,
followup-02,followup,rag,0,complete,7.541261583101004,1936,33,1,1559,0.001112833,complete,,0.0,1,1,1,1,,1.0,0.5846986671673166,
code_formula-01,code_formula,gold_evidence,0,complete,4.18494495912455,842,30,1,513,0.004004459,complete,,1.0,1,1,0,1,0,0.0,0.6997911499366906,
conceptual-01,conceptual,rag,0,complete,9.581737082917243,2647,68,1,2296,0.001203291,complete,,1.0,1,1,1,1,,1.0,0.8911990966145417,
unanswerable-01,unanswerable,gold_evidence,0,complete,0.0015861671417951584,0,0,0,0,0,complete,,,1,0,0,1,,,,
conceptual-01,conceptual,gold_evidence,0,complete,4.308197875041515,638,50,1,316,0.001463333,complete,,1.0,1,1,1,1,,1.0,0.6689890468473491,
factual-03,factual,gold_evidence,0,complete,2.7112902919761837,784,27,1,468,0.001406,complete,,1.0,1,1,1,1,,1.0,0.4847165275071703,
code_formula-03,code_formula,agentic,0,complete,19.746990707935765,4924,61,3,2154,0.0063923750000000005,complete,,1.0,1,1,1,1,,1.0,0.0,
followup-04,followup,agentic,0,complete,18.775647457921878,5575,64,3,2450,0.005171375000000001,complete,,0.0,1,1,1,1,,0.0,0.0,
factual-02,factual,no_retrieval,0,complete,1.1473669579718262,221,18,1,0,0.001412334,complete,,0.0,1,1,1,0,,,,
factual-02,factual,rag,0,complete,8.01568887499161,2385,44,1,2044,0.001252833,complete,,0.0,1,1,1,1,,1.0,0.6272672626388243,
unanswerable-03,unanswerable,rag,0,complete,8.443187582772225,2785,21,1,2437,0.001552458,complete,,,1,0,0,1,,,,
unanswerable-03,unanswerable,agentic,0,complete,15.501532708061859,5367,58,4,0,0.014869417,complete,,,1,0,0,1,,,,
code_formula-02,code_formula,rag,0,complete,6.511020332807675,1919,37,1,1576,0.002155,complete,,1.0,1,1,1,1,,1.0,0.6381877557703938,
code_formula-01,code_formula,rag,0,complete,13.209715750068426,2882,30,1,2525,0.001184042,complete,,1.0,1,1,0,1,0,0.0,0.6997911499366906,
unanswerable-04,unanswerable,agentic,0,complete,7.194626458920538,3991,50,4,0,0.007649292,complete,,,1,0,0,1,,,,
factual-02,factual,gold_evidence,0,complete,2.7095792090985924,825,23,1,513,0.000943208,complete,,1.0,1,1,1,1,,1.0,0.5905554505108319,
followup-01,followup,agentic,0,complete,16.409315667115152,5120,86,3,2224,0.004111208,complete,,0.5,1,1,1,1,,0.0,0.0,
synthesis-03,synthesis,gold_evidence,0,complete,5.957086083013564,1253,94,1,925,0.017864125,complete,,1.0,1,1,1,1,,0.8,0.910985795788901,
synthesis-01,synthesis,agentic,0,complete,18.27257179096341,3820,110,3,1617,0.004160876,complete,,1.0,1,1,1,1,,1.0,0.9575893749107819,
code_formula-02,code_formula,agentic,0,complete,7.897605458972976,3728,64,3,1576,0.005958501,complete,,1.0,1,1,1,1,,1.0,0.6381877557703938,
synthesis-04,synthesis,gold_evidence,0,complete,5.6424419588875026,1179,94,1,857,0.00122625,complete,,1.0,1,1,1,1,,0.8333333333333334,0.7722952469694492,
factual-01,factual,okf,0,complete,27.614929165923968,8418,94,3,1958,0.006771415999999999,complete,,1.0,1,1,1,1,,1.0,0.5586426842025939,
synthesis-01,synthesis,okf,0,complete,28.629921624902636,8114,74,3,1764,0.019293083,complete,,0.0,1,1,1,0,,,,
unanswerable-03,unanswerable,okf,0,complete,28.112929958151653,8054,81,3,1805,0.009325251,complete,,,1,0,0,1,,,,
followup-02,followup,agentic,0,complete,18.26190191693604,3753,62,3,1559,0.005385666,complete,,0.0,1,1,1,1,,1.0,0.5846986671673166,
unanswerable-03,unanswerable,no_retrieval,0,complete,1.0203480829950422,225,18,1,0,0.003204709,complete,,,1,0,0,1,,,,
unanswerable-01,unanswerable,agentic,0,complete,7.346342459088191,3383,50,4,0,0.005461001,complete,,,1,0,0,1,,,,
code_formula-01,code_formula,no_retrieval,0,complete,0.7103420000057667,237,18,1,0,0.000926791,complete,,0.0,1,0,0,0,0,,,
unanswerable-04,unanswerable,no_retrieval,0,complete,0.6340610419865698,221,18,1,0,0.001486792,complete,,,1,0,0,1,,,,
code_formula-03,code_formula,okf,0,complete,26.93618437484838,8432,82,3,1942,0.006561665999999999,complete,,0.0,1,1,1,1,,0.0,0.0,
synthesis-04,synthesis,rag,0,complete,11.709173624869436,2472,97,1,2124,0.001529167,complete,,0.0,1,1,1,1,,0.6666666666666666,0.8135269323853574,
synthesis-03,synthesis,rag,0,complete,7.436803458025679,2531,21,1,2181,0.00118675,complete,,1.0,1,0,0,0,,,,
followup-04,followup,no_retrieval,0,complete,0.7522219158709049,268,14,1,0,0.001361,complete,,0.0,1,0,0,1,,,,
unanswerable-01,unanswerable,okf,0,complete,18.180961415870115,5920,20,2,0,0.002602376,complete,,,1,0,0,1,,,,
conceptual-01,conceptual,no_retrieval,0,complete,0.8657242499757558,230,18,1,0,0.002389209,complete,,0.0,1,0,1,0,,,,
factual-02,factual,agentic,0,complete,18.942728541092947,4657,69,3,2044,0.003834042,complete,,0.0,1,1,1,1,,1.0,0.6272672626388243,
unanswerable-04,unanswerable,gold_evidence,0,complete,9.949994273483753e-05,0,0,0,0,0,complete,,,1,0,0,1,,,,
factual-03,factual,rag,0,complete,6.905182000016794,2164,35,1,1818,0.001257041,complete,,1.0,1,1,1,1,,1.0,0.45474959129796466,
synthesis-02,synthesis,no_retrieval,0,complete,0.8498432498890907,229,18,1,0,0.001746167,complete,,0.0,1,1,1,0,,,,
synthesis-02,synthesis,rag,0,complete,10.06044612498954,2568,97,1,2220,0.001068375,complete,,0.5,1,1,1,1,,0.6666666666666666,0.8136903476757197,
unanswerable-01,unanswerable,rag,0,complete,5.355923540890217,1801,21,1,1460,0.001108042,complete,,,1,0,0,1,,,,
conceptual-04,conceptual,gold_evidence,0,complete,5.381736542098224,807,76,1,487,0.003702584,complete,,1.0,1,1,1,1,,1.0,0.8043263497431464,
followup-04,followup,okf,0,complete,29.922080875141546,8951,86,3,2437,0.006087666,complete,,0.0,1,0,0,1,,1.0,0.0,
factual-03,factual,agentic,0,complete,10.81335883308202,4217,63,3,1818,0.007834123,complete,,1.0,1,1,1,1,,1.0,0.45474959129796466,
factual-01,factual,gold_evidence,0,complete,2.7440706249326468,830,27,1,513,0.00606825,complete,,1.0,1,1,1,1,,1.0,0.6040707671138225,
code_formula-04,code_formula,no_retrieval,0,complete,0.7379169999621809,236,18,1,0,0.00100225,complete,,0.0,1,0,0,0,0,,,
conceptual-03,conceptual,gold_evidence,0,complete,4.034780167043209,834,66,1,513,0.001046666,complete,,1.0,1,1,1,1,,0.5,0.7020333132739872,
code_formula-03,code_formula,gold_evidence,0,complete,2.201296207960695,840,22,1,513,0.005359542,complete,,1.0,1,1,1,1,,1.0,0.0,
conceptual-02,conceptual,okf,0,complete,29.4744161660783,6312,211,3,1775,0.004200666,complete,,0.0,1,1,1,1,,1.0,0.8134735657992365,
synthesis-01,synthesis,no_retrieval,0,complete,2.0706965839490294,226,18,1,0,0.005154417,complete,,0.0,1,1,1,0,,,,
conceptual-01,conceptual,okf,0,complete,22.820859167026356,7073,79,3,842,0.009507917,complete,,0.0,1,1,1,0,,,,
followup-02,followup,okf,0,complete,32.90972850006074,8235,85,3,1800,0.017456167,complete,,1.0,1,1,1,1,,1.0,0.7425885522085767,
followup-02,followup,no_retrieval,0,complete,1.9674557079561055,254,15,1,0,0.003770459,complete,,0.0,1,1,1,1,,,,
factual-04,factual,gold_evidence,0,complete,2.4510095838923007,705,23,1,388,0.001998875,complete,,1.0,1,1,1,1,,1.0,0.0,
synthesis-03,synthesis,agentic,0,complete,16.058279583929107,4957,54,3,2181,0.0064549590000000006,complete,,1.0,1,0,0,0,,,,
conceptual-01,conceptual,agentic,0,complete,18.780245624948293,5190,102,3,2296,0.00448275,complete,,1.0,1,1,1,1,,1.0,0.8911990966145417,
followup-04,followup,gold_evidence,0,complete,3.0110989999957383,848,24,1,487,0.002232,complete,,1.0,1,0,0,1,,0.0,0.0,
factual-02,factual,okf,0,complete,30.33406116697006,7804,92,3,1526,0.01312821,complete,,0.0,1,1,1,1,,1.0,0.6211909570172724,
code_formula-01,code_formula,agentic,0,complete,19.584439625032246,5668,71,3,2525,0.015004916,complete,,1.0,1,1,0,1,0,0.0,0.6997911499366906,
synthesis-02,synthesis,agentic,0,complete,25.418960166862234,5032,130,3,2220,0.006342624,complete,,0.5,1,1,1,1,,0.6666666666666666,0.8136903476757197,
followup-03,followup,no_retrieval,0,complete,2.5644088750705123,269,13,1,0,0.00416775,complete,,0.0,1,1,1,1,,,,
conceptual-03,conceptual,okf,0,complete,26.897832500049844,8047,81,3,1719,0.006230583,complete,,0.0,1,0,1,0,,,,
unanswerable-04,unanswerable,rag,0,complete,6.304520375095308,2099,21,1,1759,0.001154125,complete,,,1,0,0,1,,,,
factual-03,factual,okf,0,complete,29.81815941585228,8383,74,3,1926,0.008676125,complete,,0.0,1,1,1,0,,,,
synthesis-04,synthesis,agentic,0,complete,18.37609012494795,4829,126,3,2124,0.012196875999999999,complete,,0.0,1,1,1,1,,0.6666666666666666,0.8135269323853574,
code_formula-03,code_formula,no_retrieval,0,complete,2.8668994170147926,235,18,1,0,0.002928417,complete,,0.0,1,0,0,0,,,,
unanswerable-03,unanswerable,gold_evidence,0,complete,0.00010112510062754154,0,0,0,0,0,complete,,,1,0,0,1,,,,
code_formula-04,code_formula,okf,0,complete,31.23580591683276,7227,81,3,936,0.008160875000000001,complete,,0.0,1,1,1,1,1,1.0,0.0,
followup-02,followup,gold_evidence,0,complete,3.7046386250294745,859,24,1,513,0.002513791,complete,,1.0,1,1,1,1,,1.0,0.5987600789766906,
conceptual-03,conceptual,agentic,0,complete,15.31098737497814,4232,110,3,1818,0.005124666999999999,complete,,1.0,1,1,1,1,,1.0,0.8569237574371725,
synthesis-02,synthesis,gold_evidence,0,complete,7.111457749968395,982,97,1,654,0.001578042,complete,,1.0,1,1,1,1,,0.3333333333333333,0.6661438790538092,
followup-03,followup,gold_evidence,0,complete,4.375665707979351,874,80,1,513,0.001356459,complete,,1.0,1,1,1,1,,1.0,0.7188004484754074,
synthesis-01,synthesis,rag,0,complete,7.812669083010405,1964,80,1,1617,0.001151,complete,,1.0,1,1,1,1,,1.0,0.9575893749107819,
code_formula-04,code_formula,agentic,0,complete,21.814278541132808,5518,72,3,2450,0.011059292,complete,,1.0,1,1,1,1,1,1.0,0.35279741651012364,
factual-01,factual,agentic,0,complete,16.795677958987653,4900,66,3,2160,0.009278167,complete,,1.0,1,0,0,1,,1.0,0.5706579648568497,
followup-04,followup,rag,0,complete,10.462137582944706,2942,24,1,2549,0.0014285,complete,,1.0,1,1,1,1,,1.0,0.0,
conceptual-02,conceptual,gold_evidence,0,complete,6.258044459158555,831,69,1,513,0.001406292,complete,,1.0,1,1,1,1,,1.0,0.660462328652834,
factual-01,factual,no_retrieval,0,complete,0.9729691250249743,225,18,1,0,0.001587208,complete,,0.0,1,1,1,0,,,,
unanswerable-02,unanswerable,gold_evidence,0,complete,8.866703137755394e-05,0,0,0,0,0,complete,,,1,0,0,1,,,,
synthesis-03,synthesis,no_retrieval,0,complete,0.7477932919282466,229,18,1,0,0.002497958,complete,,0.0,1,0,1,0,,,,
conceptual-02,conceptual,agentic,0,complete,24.655691416934133,5128,195,3,2271,0.004024626,complete,,0.0,1,1,1,1,,1.0,0.837064935304218,
code_formula-04,code_formula,rag,0,complete,1.5902863328810781,2809,30,1,2450,0.001451458,complete,,1.0,1,1,1,1,1,1.0,0.36953657592123446,
factual-04,factual,okf,0,complete,26.582894708029926,8055,90,3,1773,0.005207042,complete,,0.0,1,0,0,1,,0.0,0.0,
synthesis-04,synthesis,no_retrieval,0,complete,2.4830809158738703,223,18,1,0,0.002404208,complete,,0.0,1,1,1,0,,,,
synthesis-02,synthesis,okf,0,complete,29.544835540931672,8294,79,3,2066,0.0056976660000000005,complete,,0.0,1,1,1,0,,,,
synthesis-04,synthesis,okf,0,complete,35.122718499973416,8430,189,3,2101,0.015767291000000003,complete,,0.0,1,1,1,1,,0.42857142857142855,0.8169536450155339,
unanswerable-02,unanswerable,okf,0,complete,21.61392983305268,3970,15,2,0,0.010871042,complete,,,1,0,0,1,,,,
unanswerable-02,unanswerable,no_retrieval,0,complete,2.0827460000291467,222,18,1,0,0.004081875,complete,,,1,0,0,1,,,,
conceptual-03,conceptual,rag,0,complete,4.217283417005092,2169,77,1,1818,0.00207075,complete,,1.0,1,1,1,1,,1.0,0.8569237574371725,
code_formula-02,code_formula,okf,0,complete,25.804931208025664,7876,80,3,1464,0.006152873999999999,complete,,0.0,1,1,1,0,,,,
unanswerable-01,unanswerable,no_retrieval,0,complete,1.6505762091837823,219,18,1,0,0.003031208,complete,,,1,0,0,1,,,,
conceptual-04,conceptual,agentic,0,complete,19.75655100005679,5363,101,3,2385,0.007917749,complete,,1.0,1,1,1,1,,0.75,0.7612488026368088,
code_formula-03,code_formula,rag,0,complete,9.971115791937336,2513,22,1,2154,0.001142875,complete,,1.0,1,1,1,1,,1.0,0.0,
code_formula-04,code_formula,gold_evidence,0,complete,8.483000917127356,716,22,1,388,0.004098,complete,,1.0,1,0,0,1,1,1.0,0.0,
synthesis-01,synthesis,gold_evidence,0,complete,4.89201349997893,634,113,1,316,0.008267875,complete,,1.0,1,1,1,1,,0.6,0.8496998975914888,
conceptual-02,conceptual,no_retrieval,0,complete,0.6817992920987308,226,18,1,0,0.002325208,complete,,0.0,1,1,1,0,,,,
unanswerable-02,unanswerable,rag,0,complete,6.504200333030894,2136,21,1,1791,0.0011005,complete,,,1,0,0,1,,,,
