id,category,method,repeat,status,error,seconds,input_tokens,output_tokens,model_calls,load_seconds
followup-03,followup,agentic,0,complete,,22.372067207936198,4803,113,3,2.845212791
followup-03,followup,okf,0,failed,ProviderError,28.532098416937515,,,,
conceptual-02,conceptual,rag,0,complete,,8.1550461249426,2447,13,1,0.003387125
unanswerable-04,unanswerable,okf,0,complete,,18.506770667154342,5430,24,2,0.007051458
code_formula-02,code_formula,no_retrieval,0,complete,,1.1131875000428408,171,13,1,0.0036245
followup-01,followup,no_retrieval,0,complete,,0.6983181249815971,217,13,1,0.001338833
factual-03,factual,no_retrieval,0,complete,,0.536077958997339,172,13,1,0.001389458
unanswerable-02,unanswerable,agentic,0,complete,,8.221120084170252,4060,52,4,0.0052885
code_formula-01,code_formula,okf,0,complete,,26.657449291087687,8067,66,3,0.007120874
conceptual-03,conceptual,no_retrieval,0,complete,,1.4721378339454532,177,13,1,0.015117792
factual-01,factual,rag,0,complete,,7.700721625005826,2335,25,1,0.001536459
conceptual-04,conceptual,rag,0,complete,,9.638584125088528,2563,64,1,0.001261542
followup-01,followup,okf,0,complete,,26.31826233305037,8026,66,3,0.0076475
followup-01,followup,gold_evidence,0,failed,ProviderError,2.8845970418769866,,,,
factual-04,factual,rag,0,failed,ProviderError,5.6021371248643845,,,,
factual-04,factual,no_retrieval,0,complete,,0.6780980001203716,173,13,1,0.001657666
followup-03,followup,rag,0,complete,,10.923293167026713,2317,105,1,0.001340667
factual-04,factual,agentic,0,failed,ProviderError,6.935516374884173,,,,
synthesis-03,synthesis,okf,0,complete,,27.539434917038307,7453,137,3,0.008940541
code_formula-02,code_formula,gold_evidence,0,complete,,2.9019708749838173,687,39,1,0.010274958
conceptual-04,conceptual,no_retrieval,0,complete,,0.6089924999978393,175,13,1,0.001371084
followup-01,followup,rag,0,failed,ProviderError,7.066727208904922,,,,
conceptual-04,conceptual,okf,0,complete,,29.326277208980173,8138,75,3,0.006338542000000001
followup-02,followup,rag,0,failed,ProviderError,6.99381145904772,,,,
code_formula-01,code_formula,gold_evidence,0,complete,,3.572350207949057,701,13,1,0.002173167
conceptual-01,conceptual,rag,0,complete,,7.610748416045681,2477,15,1,0.001147792
unanswerable-01,unanswerable,gold_evidence,0,complete,,8.324999362230301e-05,0,0,0,0
conceptual-01,conceptual,gold_evidence,0,complete,,2.356847957940772,497,42,1,0.001426709
factual-03,factual,gold_evidence,0,complete,,2.2334126660134643,643,27,1,0.001410583
code_formula-03,code_formula,agentic,0,complete,,16.287662666058168,4751,77,3,0.005320959
followup-04,followup,agentic,0,failed,ProviderError,18.845490541076288,,,,
factual-02,factual,no_retrieval,0,complete,,2.411025500157848,169,13,1,0.001623667
factual-02,factual,rag,0,failed,ProviderError,8.326831000158563,,,,
unanswerable-03,unanswerable,rag,0,complete,,8.1792890841607,2613,13,1,0.002543041
unanswerable-03,unanswerable,agentic,0,complete,,11.707440667087212,5367,58,4,0.005811876
code_formula-02,code_formula,rag,0,complete,,5.71105599985458,1750,30,1,0.00154975
code_formula-01,code_formula,rag,0,complete,,10.685699291992933,2713,48,1,0.001267209
unanswerable-04,unanswerable,agentic,0,complete,,9.442752833012491,3991,50,4,0.008052582999999999
factual-02,factual,gold_evidence,0,complete,,2.352297166129574,684,17,1,0.001051333
followup-01,followup,agentic,0,failed,ProviderError,16.3223983340431,,,,
synthesis-03,synthesis,gold_evidence,0,complete,,5.555321249878034,1105,78,1,0.001603084
synthesis-01,synthesis,agentic,0,complete,,13.563952875090763,3650,45,3,0.016563084
code_formula-02,code_formula,agentic,0,complete,,8.17159774992615,3559,57,3,0.004806042
synthesis-04,synthesis,gold_evidence,0,complete,,5.0306821670383215,1031,80,1,0.001719541
factual-01,factual,okf,0,complete,,28.847736541880295,8249,99,3,0.007017374000000001
synthesis-01,synthesis,okf,0,complete,,28.74784833402373,7945,68,3,0.012995334
unanswerable-03,unanswerable,okf,0,complete,,31.25736570893787,7880,75,3,0.014530208999999999
followup-02,followup,agentic,0,failed,ProviderError,14.164011375047266,,,,
unanswerable-03,unanswerable,no_retrieval,0,complete,,1.8721384999807924,173,13,1,0.003957042
unanswerable-01,unanswerable,agentic,0,complete,,6.8423427091911435,3383,50,4,0.004957708
code_formula-01,code_formula,no_retrieval,0,complete,,0.5952058332040906,185,13,1,0.001353042
unanswerable-04,unanswerable,no_retrieval,0,complete,,0.5084556660149246,169,13,1,0.001165208
code_formula-03,code_formula,okf,0,complete,,28.01395950000733,8263,68,3,0.006187000999999999
synthesis-04,synthesis,rag,0,failed,ProviderError,12.47379033290781,,,,
synthesis-03,synthesis,rag,0,complete,,15.808123790891841,2361,209,1,0.001119042
followup-04,followup,no_retrieval,0,complete,,0.6573272079695016,216,8,1,0.008324167
unanswerable-01,unanswerable,okf,0,complete,,21.90407537505962,5920,20,2,0.0039500839999999995
conceptual-01,conceptual,no_retrieval,0,complete,,1.1051365421153605,178,13,1,0.002565959
factual-02,factual,agentic,0,failed,ProviderError,15.127902042120695,,,,
unanswerable-04,unanswerable,gold_evidence,0,complete,,0.00011891708709299564,0,0,0,0
factual-03,factual,rag,0,complete,,6.887083290843293,1993,34,1,0.001982125
synthesis-02,synthesis,no_retrieval,0,complete,,1.88319058297202,177,13,1,0.001878458
synthesis-02,synthesis,rag,0,complete,,7.3348695419263095,2399,15,1,0.001393375
unanswerable-01,unanswerable,rag,0,complete,,5.1043486669659615,1630,16,1,0.002500875
conceptual-04,conceptual,gold_evidence,0,complete,,4.553033874835819,665,55,1,0.001650958
followup-04,followup,okf,0,failed,ProviderError,30.206987540936098,,,,
factual-03,factual,agentic,0,complete,,9.519721791846678,4046,62,3,0.014894875
factual-01,factual,gold_evidence,0,complete,,2.1850528749637306,689,19,1,0.001540375
code_formula-04,code_formula,no_retrieval,0,complete,,0.607367750024423,184,13,1,0.001047834
conceptual-03,conceptual,gold_evidence,0,complete,,3.3683741660788655,693,58,1,0.001445375
code_formula-03,code_formula,gold_evidence,0,complete,,2.7036434169858694,699,35,1,0.001357667
conceptual-02,conceptual,okf,0,failed,ProviderError,30.505405792035162,,,,
synthesis-01,synthesis,no_retrieval,0,complete,,0.6124229170382023,174,13,1,0.004618333
conceptual-01,conceptual,okf,0,complete,,24.848102000076324,6899,73,3,0.0074790410000000005
followup-02,followup,okf,0,failed,ProviderError,30.263133417116478,,,,
followup-02,followup,no_retrieval,0,complete,,1.6796135420445353,202,14,1,0.004332333
factual-04,factual,gold_evidence,0,complete,,1.7284306669607759,564,15,1,0.001939584
synthesis-03,synthesis,agentic,0,complete,,22.72575404192321,4787,242,3,0.004770959
conceptual-01,conceptual,agentic,0,complete,,16.536978124873713,5020,49,3,0.005047585
followup-04,followup,gold_evidence,0,failed,ProviderError,3.3533362918533385,,,,
factual-02,factual,okf,0,complete,,27.60443541686982,7635,84,3,0.01116225
code_formula-01,code_formula,agentic,0,complete,,21.847644083900377,5499,89,3,0.0072045419999999995
synthesis-02,synthesis,agentic,0,complete,,20.09409383405,4863,48,3,0.010976583
followup-03,followup,no_retrieval,0,complete,,2.578479041811079,217,13,1,0.002240084
conceptual-03,conceptual,okf,0,complete,,26.87372462498024,7873,75,3,0.010292418
unanswerable-04,unanswerable,rag,0,complete,,7.103190874913707,1931,15,1,0.003470292
factual-03,factual,okf,0,complete,,30.461498250020668,8214,68,3,0.006349125
synthesis-04,synthesis,agentic,0,failed,ProviderError,20.427038749912754,,,,
code_formula-03,code_formula,no_retrieval,0,complete,,0.8848097920417786,183,13,1,0.004814667
unanswerable-03,unanswerable,gold_evidence,0,complete,,0.00015458394773304462,0,0,0,0
code_formula-04,code_formula,okf,0,complete,,25.667150374967605,7077,71,3,0.011533125
followup-02,followup,gold_evidence,0,complete,,3.5258798748254776,718,27,1,0.012592
conceptual-03,conceptual,agentic,0,complete,,17.713771249866113,4061,107,3,0.015396374999999999
synthesis-02,synthesis,gold_evidence,0,complete,,3.6802387919742614,834,13,1,0.0022775
followup-03,followup,gold_evidence,0,complete,,4.523383124964312,733,91,1,0.002129584
synthesis-01,synthesis,rag,0,complete,,5.4557356250006706,1794,15,1,0.001129875
code_formula-04,code_formula,agentic,0,complete,,16.300745457876474,5346,55,3,0.0046555
factual-01,factual,agentic,0,complete,,19.558631625026464,4731,54,3,0.010954166
followup-04,followup,rag,0,failed,ProviderError,8.87746408302337,,,,
conceptual-02,conceptual,gold_evidence,0,complete,,3.3281563750933856,690,50,1,0.00298
factual-01,factual,no_retrieval,0,complete,,0.5855796658433974,173,13,1,0.001208209
unanswerable-02,unanswerable,gold_evidence,0,complete,,7.595797069370747e-05,0,0,0,0
synthesis-03,synthesis,no_retrieval,0,complete,,0.6011562917847186,177,13,1,0.0013675
conceptual-02,conceptual,agentic,0,complete,,16.086908292025328,4956,43,3,0.005340042000000001
code_formula-04,code_formula,rag,0,complete,,3.0943670000415295,2637,13,1,0.00375425
factual-04,factual,okf,0,complete,,31.833850333001465,7881,73,3,0.015074208999999998
synthesis-04,synthesis,no_retrieval,0,complete,,3.5896040417719632,171,13,1,0.005807625
synthesis-02,synthesis,okf,0,complete,,29.88725379202515,8120,73,3,0.010446041
synthesis-04,synthesis,okf,0,failed,ProviderError,34.56752995820716,,,,
unanswerable-02,unanswerable,okf,0,complete,,16.728568040998653,3970,15,2,0.006380042000000001
unanswerable-02,unanswerable,no_retrieval,0,complete,,0.9121975840535015,170,13,1,0.002069458
conceptual-03,conceptual,rag,0,complete,,4.524949625134468,1998,74,1,0.001116041
code_formula-02,code_formula,okf,0,complete,,26.968812332954258,7702,74,3,0.005883541000000001
unanswerable-01,unanswerable,no_retrieval,0,complete,,2.284531957935542,167,13,1,0.002205792
conceptual-04,conceptual,agentic,0,complete,,20.219637041911483,5189,95,3,0.0054248740000000005
code_formula-03,code_formula,rag,0,complete,,9.873665750026703,2340,38,1,0.002589625
code_formula-04,code_formula,gold_evidence,0,complete,,1.7993928329087794,575,14,1,0.001764375
synthesis-01,synthesis,gold_evidence,0,complete,,4.6795507909264416,493,119,1,0.001220541
conceptual-02,conceptual,no_retrieval,0,complete,,0.5517195421271026,174,13,1,0.002861709
unanswerable-02,unanswerable,rag,0,complete,,5.937002500053495,1964,15,1,0.001038584
